storeID,category,name,price,size,collected_date,promo
4a279605-eaa8-470d-bcd4-0a9e3c9ab43b,Egg,Farmer Brown Fresh Colony Size 7 Eggs,7.99,12ea,2025-04-06,0
4a279605-eaa8-470d-bcd4-0a9e3c9ab43b,Egg,Sure As Eggs Mixed Grade Eggs,7.29,10pk,2025-04-06,0
4a279605-eaa8-470d-bcd4-0a9e3c9ab43b,Egg,Woodland Free Range Size 7 Eggs,8.99,10pk,2025-04-06,0
4a279605-eaa8-470d-bcd4-0a9e3c9ab43b,Egg,Woodland Free Range Size 6 Eggs,6.99,10pk,2025-04-06,1
4a279605-eaa8-470d-bcd4-0a9e3c9ab43b,Egg,Farmer Brown Cage-Free Barn Size 6 Eggs,8.99,12pk,2025-04-06,0
4a279605-eaa8-470d-bcd4-0a9e3c9ab43b,Egg,Farmer Brown Fresh Colony Size 6 Eggs,7.99,12pk,2025-04-06,0
4a279605-eaa8-470d-bcd4-0a9e3c9ab43b,Egg,Woodland Free Range Size 6 Eggs,14.99,18pk,2025-04-06,0
4a279605-eaa8-470d-bcd4-0a9e3c9ab43b,Egg,Sure As Eggs Size 7 Eggs,7.49,10pk,2025-04-06,0
4a279605-eaa8-470d-bcd4-0a9e3c9ab43b,Egg,Farmer Brown Fresh Colony Size 6 Eggs,11.79,18pk,2025-04-06,0
4a279605-eaa8-470d-bcd4-0a9e3c9ab43b,Egg,Quail Valley Free Range Mixed Grade Eggs,10.49,12pk,2025-04-06,0
4a279605-eaa8-470d-bcd4-0a9e3c9ab43b,Egg,Woodland Free Range Grade 6 Eggs,5.99,6pk,2025-04-06,0
4a279605-eaa8-470d-bcd4-0a9e3c9ab43b,Egg,Farmer Brown Barn Size 6 Eggs,9.49,18pk,2025-04-06,1
4a279605-eaa8-470d-bcd4-0a9e3c9ab43b,Egg,Farmer Brown Barn Cage Free Size 7 Eggs,5.49,6pk,2025-04-06,0
4a279605-eaa8-470d-bcd4-0a9e3c9ab43b,Egg,Bowalley Free Range Size 7 Eggs,8.99,10pk,2025-04-06,0
4a279605-eaa8-470d-bcd4-0a9e3c9ab43b,Egg,Bowalley Free Range Mixed Grade Eggs,7.49,10pk,2025-04-06,0
4a279605-eaa8-470d-bcd4-0a9e3c9ab43b,Egg,New Day Free Range Mixed Grade Eggs,10.49,12pk,2025-04-06,1
4a279605-eaa8-470d-bcd4-0a9e3c9ab43b,Egg,Farmer Brown Fresh Colony Size 8 Eggs,6.99,10pk,2025-04-06,1
4a279605-eaa8-470d-bcd4-0a9e3c9ab43b,Egg,Bowalley Free Range Size 6 Eggs,7.99,10pk,2025-04-06,1
4a279605-eaa8-470d-bcd4-0a9e3c9ab43b,Egg,Zealand Farms Free Range Animal Welfare Foods Mixed Grade Eggs,10.49,12pk,2025-04-06,0
4a279605-eaa8-470d-bcd4-0a9e3c9ab43b,Egg,Farmer Brown Free Range Large Size 7 Eggs,11.29,12pk,2025-04-06,0
4a279605-eaa8-470d-bcd4-0a9e3c9ab43b,Egg,Farmer Brown Fresh Colony Size 7 Eggs,5.29,6pk,2025-04-06,0
4a279605-eaa8-470d-bcd4-0a9e3c9ab43b,Egg,Farmer Brown Cage-Free Barn Size 7 Eggs,8.79,12pk,2025-04-06,1
4a279605-eaa8-470d-bcd4-0a9e3c9ab43b,Egg,Woodland Free Range Grade 7 Eggs,6.49,6pk,2025-04-06,0
4a279605-eaa8-470d-bcd4-0a9e3c9ab43b,Egg,Pams Free Range Free Range Size 6 Eggs,9.49,12pk,2025-04-06,0
4a279605-eaa8-470d-bcd4-0a9e3c9ab43b,Egg,Woodland Free Range Grade 8 Eggs,6.99,6pk,2025-04-06,0
4a279605-eaa8-470d-bcd4-0a9e3c9ab43b,Egg,Ewing Cage Free Barn Mixed Grade Eggs,7.99,12pk,2025-04-06,0
4a279605-eaa8-470d-bcd4-0a9e3c9ab43b,Egg,Woodland Free Range Grade 8 Eggs,10.99,10pk,2025-04-06,0
4a279605-eaa8-470d-bcd4-0a9e3c9ab43b,Egg,Farmer Brown Fresh Colony Size 8 Eggs,5.29,6pk,2025-04-06,1
4a279605-eaa8-470d-bcd4-0a9e3c9ab43b,Egg,Pams Free Range Size 7 Eggs,5.79,6pk,2025-04-06,0
4a279605-eaa8-470d-bcd4-0a9e3c9ab43b,Egg,New Day Free Range Size 7 Eggs,9.99,10pk,2025-04-06,0
4a279605-eaa8-470d-bcd4-0a9e3c9ab43b,Egg,Pams Free Range Mixed Grade Eggs,13.99,18pk,2025-04-06,0
4a279605-eaa8-470d-bcd4-0a9e3c9ab43b,Egg,Zeagold Egg White Natural Protein,13.95,980ml,2025-04-06,0
4a279605-eaa8-470d-bcd4-0a9e3c9ab43b,Egg,Zealand Farms Free Range Animal Welfare Foods Mixed Grade Eggs,5.49,6pk,2025-04-06,1
4a279605-eaa8-470d-bcd4-0a9e3c9ab43b,Egg,New Day Free Range Mixed Grade Eggs,5.49,6pk,2025-04-06,0
4a279605-eaa8-470d-bcd4-0a9e3c9ab43b,Egg,Pams Free Range Size 8 Eggs,9.99,10pk,2025-04-06,0
4a279605-eaa8-470d-bcd4-0a9e3c9ab43b,Egg,Ewing Cage Free Barn Size 7 Eggs,8.49,12pk,2025-04-06,0
4a279605-eaa8-470d-bcd4-0a9e3c9ab43b,Egg,Better Eggs Mixed Free Range Eggs,9.99,12pk,2025-04-06,1
4a279605-eaa8-470d-bcd4-0a9e3c9ab43b,Egg,Woodland Egg Whites,8.79,500g,2025-04-06,0
4a279605-eaa8-470d-bcd4-0a9e3c9ab43b,Egg,New Day Free Range Size 6 Eggs,15.79,18pk,2025-04-06,0
4a279605-eaa8-470d-bcd4-0a9e3c9ab43b,Milk,Value Standard Milk,4.29,2l,2025-04-06,0
4a279605-eaa8-470d-bcd4-0a9e3c9ab43b,Milk,Value Standard Milk,6.55,3l,2025-04-06,0
4a279605-eaa8-470d-bcd4-0a9e3c9ab43b,Milk,Meadow Fresh Original Fresh Milk,4.69,2l,2025-04-06,1
4a279605-eaa8-470d-bcd4-0a9e3c9ab43b,Milk,Value Trim Milk,4.29,2l,2025-04-06,0
4a279605-eaa8-470d-bcd4-0a9e3c9ab43b,Milk,Pams Standard Milk,2.85,1l,2025-04-06,0
4a279605-eaa8-470d-bcd4-0a9e3c9ab43b,Milk,Pams Standard Milk,4.95,2l,2025-04-06,0
4a279605-eaa8-470d-bcd4-0a9e3c9ab43b,Milk,Meadow Fresh Original Fresh Milk,8.29,3l,2025-04-06,0
4a279605-eaa8-470d-bcd4-0a9e3c9ab43b,Milk,Pams Standard Milk,7.89,3l,2025-04-06,0
4a279605-eaa8-470d-bcd4-0a9e3c9ab43b,Milk,Meadow Fresh Original Fresh Milk,3.35,1l,2025-04-06,0
4a279605-eaa8-470d-bcd4-0a9e3c9ab43b,Milk,Pams Trim Milk,2.85,1l,2025-04-06,0
4a279605-eaa8-470d-bcd4-0a9e3c9ab43b,Milk,Pams Calci Smart Milk,6.19,2l,2025-04-06,0
4a279605-eaa8-470d-bcd4-0a9e3c9ab43b,Milk,Meadow Fresh Lite Fresh Milk,4.69,2l,2025-04-06,1
4a279605-eaa8-470d-bcd4-0a9e3c9ab43b,Milk,Pams Lite Milk,2.85,1l,2025-04-06,0
4a279605-eaa8-470d-bcd4-0a9e3c9ab43b,Milk,Meadow Fresh Trim Fresh Milk,4.69,2l,2025-04-06,1
4a279605-eaa8-470d-bcd4-0a9e3c9ab43b,Milk,Value Trim Milk,6.55,3l,2025-04-06,0
4a279605-eaa8-470d-bcd4-0a9e3c9ab43b,Milk,Pams Trim Milk,4.95,2l,2025-04-06,0
4a279605-eaa8-470d-bcd4-0a9e3c9ab43b,Milk,Meadow Fresh Calci-Trim Fresh Milk,6.65,2l,2025-04-06,0
4a279605-eaa8-470d-bcd4-0a9e3c9ab43b,Milk,Pams Calci Smart Milk,3.45,1l,2025-04-06,0
4a279605-eaa8-470d-bcd4-0a9e3c9ab43b,Milk,Meadow Fresh Farmhouse Fresh Full Cream Milk,6.79,2l,2025-04-06,0
4a279605-eaa8-470d-bcd4-0a9e3c9ab43b,Milk,Anchor A2 Blue Milk,7.39,2l,2025-04-06,0
4a279605-eaa8-470d-bcd4-0a9e3c9ab43b,Milk,Meadow Fresh Calci-Trim Fresh Milk,3.59,1l,2025-04-06,0
4a279605-eaa8-470d-bcd4-0a9e3c9ab43b,Milk,Meadow Fresh Trim Fresh Milk,3.35,1l,2025-04-06,0
4a279605-eaa8-470d-bcd4-0a9e3c9ab43b,Milk,Pams Trim Milk,7.89,3l,2025-04-06,0
4a279605-eaa8-470d-bcd4-0a9e3c9ab43b,Milk,Meadow Fresh Lite Fresh Milk,3.35,1l,2025-04-06,0
4a279605-eaa8-470d-bcd4-0a9e3c9ab43b,Milk,Meadow Fresh Original Milk,1.55,300ml,2025-04-06,0
4a279605-eaa8-470d-bcd4-0a9e3c9ab43b,Milk,Meadow Fresh Cultured Buttermilk,4.89,600ml,2025-04-06,0
4a279605-eaa8-470d-bcd4-0a9e3c9ab43b,Milk,Meadow Fresh Farmhouse Fresh Full Cream Milk,3.65,1l,2025-04-06,0
4a279605-eaa8-470d-bcd4-0a9e3c9ab43b,Milk,Naturalea Organic Milk,4.65,1l,2025-04-06,0
4a279605-eaa8-470d-bcd4-0a9e3c9ab43b,Milk,Meadow Fresh Organic Original Fresh Milk,7.39,2l,2025-04-06,0
4a279605-eaa8-470d-bcd4-0a9e3c9ab43b,Milk,Puhoi Valley Fresh Non Homogenised Non Organic Milk,6.75,1.5l,2025-04-06,0
4a279605-eaa8-470d-bcd4-0a9e3c9ab43b,Milk,Lewis Road Creamery A2 Protein Homogenised Milk,6.59,1.5l,2025-04-06,0
4a279605-eaa8-470d-bcd4-0a9e3c9ab43b,Milk,Meadow Fresh Trim Milk,1.55,300ml,2025-04-06,0
4a279605-eaa8-470d-bcd4-0a9e3c9ab43b,Milk,Anchor Protein+ Lite Milk,6.49,2l,2025-04-06,0
4a279605-eaa8-470d-bcd4-0a9e3c9ab43b,Milk,Jones Family Farm A2 Milk,8.49,1.5l,2025-04-06,1
4a279605-eaa8-470d-bcd4-0a9e3c9ab43b,Meat,Prime Beef Mince,20.29,kg,2025-04-06,0
4a279605-eaa8-470d-bcd4-0a9e3c9ab43b,Meat,NZ Premium Beef Mince,21.99,kg,2025-04-06,1
4a279605-eaa8-470d-bcd4-0a9e3c9ab43b,Meat,Beef Rump Steak,27.99,kg,2025-04-06,0
4a279605-eaa8-470d-bcd4-0a9e3c9ab43b,Meat,Lamb Leg Roast,22.49,kg,2025-04-06,0
4a279605-eaa8-470d-bcd4-0a9e3c9ab43b,Meat,Lamb Shoulder Chops,18.99,kg,2025-04-06,0
4a279605-eaa8-470d-bcd4-0a9e3c9ab43b,Meat,NZ Beef Porterhouse Steak,34.69,kg,2025-04-06,1
4a279605-eaa8-470d-bcd4-0a9e3c9ab43b,Meat,Beef Scotch Fillet Steak,42.79,kg,2025-04-06,0
4a279605-eaa8-470d-bcd4-0a9e3c9ab43b,Meat,NZ Beef Schnitzel,24.99,kg,2025-04-06,0
4a279605-eaa8-470d-bcd4-0a9e3c9ab43b,Meat,Beef Soup Bones,5.99,kg,2025-04-06,0
4a279605-eaa8-470d-bcd4-0a9e3c9ab43b,Meat,Lamb Loin Chops,27.99,kg,2025-04-06,0
4a279605-eaa8-470d-bcd4-0a9e3c9ab43b,Meat,Crumbed Beef Schnitzel,24.99,kg,2025-04-06,0
4a279605-eaa8-470d-bcd4-0a9e3c9ab43b,Meat,Beef Bones,5.69,kg,2025-04-06,0
4a279605-eaa8-470d-bcd4-0a9e3c9ab43b,Meat,NZ Beef Bolar Roast,23.99,kg,2025-04-06,0
4a279605-eaa8-470d-bcd4-0a9e3c9ab43b,Meat,Lamb Steak,33.99,kg,2025-04-06,0
4a279605-eaa8-470d-bcd4-0a9e3c9ab43b,Meat,NZ Beef Chuck Steak,26.49,kg,2025-04-06,0
4a279605-eaa8-470d-bcd4-0a9e3c9ab43b,Meat,NZ Diced Beef,29.89,kg,2025-04-06,0
4a279605-eaa8-470d-bcd4-0a9e3c9ab43b,Meat,Lamb Shanks (Knuckles),19.99,kg,2025-04-06,0
4a279605-eaa8-470d-bcd4-0a9e3c9ab43b,Meat,Beef Fillet Steak,62.99,kg,2025-04-06,0
4a279605-eaa8-470d-bcd4-0a9e3c9ab43b,Meat,Lamb Bones,7.99,kg,2025-04-06,0
4a279605-eaa8-470d-bcd4-0a9e3c9ab43b,Meat,Point End Brisket,22.49,kg,2025-04-06,0
4a279605-eaa8-470d-bcd4-0a9e3c9ab43b,Meat,NZ Beef Topside Steak,26.99,kg,2025-04-06,0
4a279605-eaa8-470d-bcd4-0a9e3c9ab43b,Meat,NZ Beef Topside Roast,25.99,kg,2025-04-06,0
4a279605-eaa8-470d-bcd4-0a9e3c9ab43b,Meat,NZ Beef Shin Meat,23.49,kg,2025-04-06,0
4a279605-eaa8-470d-bcd4-0a9e3c9ab43b,Meat,NZ Cross Cut Beef Blade Steak,24.49,kg,2025-04-06,0
4a279605-eaa8-470d-bcd4-0a9e3c9ab43b,Meat,Beef Ribeye Steak On The Bone,36.79,kg,2025-04-06,0
4a279605-eaa8-470d-bcd4-0a9e3c9ab43b,Meat,Lamb Drumsticks,25.99,kg,2025-04-06,0
4a279605-eaa8-470d-bcd4-0a9e3c9ab43b,Meat,NZ Beef T Bone Steak,39.99,kg,2025-04-06,0
4a279605-eaa8-470d-bcd4-0a9e3c9ab43b,Meat,Beef Shin On Bone,18.69,kg,2025-04-06,0
4a279605-eaa8-470d-bcd4-0a9e3c9ab43b,Meat,NZ Lamb Spare Ribs,19.99,kg,2025-04-06,0
4a279605-eaa8-470d-bcd4-0a9e3c9ab43b,Meat,Unsliced Beef Fillet Steak,62.99,kg,2025-04-06,0
4a279605-eaa8-470d-bcd4-0a9e3c9ab43b,Meat,Beef Skirt Steak,22.99,kg,2025-04-06,0
4a279605-eaa8-470d-bcd4-0a9e3c9ab43b,Meat,Lamb Kidneys,28.99,kg,2025-04-06,0
4a279605-eaa8-470d-bcd4-0a9e3c9ab43b,Meat,Green Meadows Angus Beef + Cheese Burgers,11.99,400g,2025-04-06,0
4a279605-eaa8-470d-bcd4-0a9e3c9ab43b,Meat,Diced Lamb,37.69,kg,2025-04-06,0
4a279605-eaa8-470d-bcd4-0a9e3c9ab43b,Meat,NZ Lamb Neck Chops,20.99,kg,2025-04-06,0
4a279605-eaa8-470d-bcd4-0a9e3c9ab43b,Meat,Fresh French Lamb Cutlets,59.99,kg,2025-04-06,0
4a279605-eaa8-470d-bcd4-0a9e3c9ab43b,Meat,Harris Farms Beef and Pork Mince,10.45,500g,2025-04-06,0
61dd754e-8525-4b9e-9e08-173389eea8a8,Egg,Farmer Brown Fresh Colony Size 7 Eggs,7.99,12ea,2025-04-06,0
61dd754e-8525-4b9e-9e08-173389eea8a8,Egg,Sure As Eggs Mixed Grade Eggs,7.29,10pk,2025-04-06,0
61dd754e-8525-4b9e-9e08-173389eea8a8,Egg,Woodland Free Range Size 7 Eggs,6.99,10pk,2025-04-06,1
61dd754e-8525-4b9e-9e08-173389eea8a8,Egg,Farmer Brown Cage-Free Barn Size 6 Eggs,8.99,12pk,2025-04-06,0
61dd754e-8525-4b9e-9e08-173389eea8a8,Egg,Sure As Eggs Size 7 Eggs,7.49,10pk,2025-04-06,0
61dd754e-8525-4b9e-9e08-173389eea8a8,Egg,Bowalley Free Range Mixed Grade Eggs,7.49,10pk,2025-04-06,0
61dd754e-8525-4b9e-9e08-173389eea8a8,Egg,New Day Free Range Mixed Grade Eggs,10.49,12pk,2025-04-06,1
61dd754e-8525-4b9e-9e08-173389eea8a8,Egg,Farmer Brown Fresh Colony Size 8 Eggs,6.99,10pk,2025-04-06,1
61dd754e-8525-4b9e-9e08-173389eea8a8,Egg,Bowalley Free Range Size 6 Eggs,7.99,10pk,2025-04-06,1
61dd754e-8525-4b9e-9e08-173389eea8a8,Egg,Zealand Farms Free Range Animal Welfare Foods Mixed Grade Eggs,8.99,12pk,2025-04-06,1
61dd754e-8525-4b9e-9e08-173389eea8a8,Egg,Farmer Brown Free Range Large Size 7 Eggs,11.29,12pk,2025-04-06,0
61dd754e-8525-4b9e-9e08-173389eea8a8,Egg,Farmer Brown Cage-Free Barn Size 7 Eggs,8.79,12pk,2025-04-06,1
61dd754e-8525-4b9e-9e08-173389eea8a8,Egg,Farmer Brown Free Range Mixed Grade Eggs,10.29,12pk,2025-04-06,0
61dd754e-8525-4b9e-9e08-173389eea8a8,Egg,Pams Free Range Free Range Size 6 Eggs,9.49,12pk,2025-04-06,0
61dd754e-8525-4b9e-9e08-173389eea8a8,Egg,Woodland Free Range Grade 8 Eggs,6.99,6pk,2025-04-06,0
61dd754e-8525-4b9e-9e08-173389eea8a8,Egg,Woodland Free Range Grade 8 Eggs,10.99,10pk,2025-04-06,0
61dd754e-8525-4b9e-9e08-173389eea8a8,Egg,Zeagold Egg White Natural Protein,13.95,980ml,2025-04-06,0
61dd754e-8525-4b9e-9e08-173389eea8a8,Egg,Zealand Farms Free Range Animal Welfare Foods Mixed Grade Eggs,5.99,6pk,2025-04-06,0
61dd754e-8525-4b9e-9e08-173389eea8a8,Egg,New Day Free Range Mixed Grade Eggs,5.49,6pk,2025-04-06,0
61dd754e-8525-4b9e-9e08-173389eea8a8,Egg,Zealand Farms Free Range Size 7 Eco Eggs,7.99,10pk,2025-04-06,1
61dd754e-8525-4b9e-9e08-173389eea8a8,Egg,Zealand Farms Free Range Animal Welfare Mixed Grade Eggs,14.69,18pk,2025-04-06,0
61dd754e-8525-4b9e-9e08-173389eea8a8,Egg,Farmer Brown Barn Eggs Size 8,6.29,6pk,2025-04-06,0
61dd754e-8525-4b9e-9e08-173389eea8a8,Egg,Pams Free Range Size 6 Eggs,5.79,6pk,2025-04-06,0
61dd754e-8525-4b9e-9e08-173389eea8a8,Egg,Pams Free Range Size 8 Eggs,6.49,6pk,2025-04-06,0
61dd754e-8525-4b9e-9e08-173389eea8a8,Egg,Woodland Egg Whites,8.79,500g,2025-04-06,0
61dd754e-8525-4b9e-9e08-173389eea8a8,Milk,Value Standard Milk,4.29,2l,2025-04-06,0
61dd754e-8525-4b9e-9e08-173389eea8a8,Milk,Value Standard Milk,6.55,3l,2025-04-06,0
61dd754e-8525-4b9e-9e08-173389eea8a8,Milk,Meadow Fresh Original Fresh Milk,4.49,2l,2025-04-06,1
61dd754e-8525-4b9e-9e08-173389eea8a8,Milk,Value Trim Milk,4.29,2l,2025-04-06,0
61dd754e-8525-4b9e-9e08-173389eea8a8,Milk,Pams Standard Milk,2.85,1l,2025-04-06,0
61dd754e-8525-4b9e-9e08-173389eea8a8,Milk,Pams Lite Milk,4.95,2l,2025-04-06,0
61dd754e-8525-4b9e-9e08-173389eea8a8,Milk,Pams Standard Milk,4.95,2l,2025-04-06,0
61dd754e-8525-4b9e-9e08-173389eea8a8,Milk,Meadow Fresh Original Fresh Milk,8.29,3l,2025-04-06,0
61dd754e-8525-4b9e-9e08-173389eea8a8,Milk,Pams Standard Milk,7.89,3l,2025-04-06,0
61dd754e-8525-4b9e-9e08-173389eea8a8,Milk,Meadow Fresh Original Fresh Milk,3.35,1l,2025-04-06,0
61dd754e-8525-4b9e-9e08-173389eea8a8,Milk,Pams Trim Milk,2.85,1l,2025-04-06,0
61dd754e-8525-4b9e-9e08-173389eea8a8,Milk,Pams Calci Smart Milk,6.19,2l,2025-04-06,0
61dd754e-8525-4b9e-9e08-173389eea8a8,Milk,Meadow Fresh Lite Fresh Milk,5.49,2l,2025-04-06,0
61dd754e-8525-4b9e-9e08-173389eea8a8,Milk,Pams Lite Milk,2.85,1l,2025-04-06,0
61dd754e-8525-4b9e-9e08-173389eea8a8,Milk,Meadow Fresh Trim Fresh Milk,5.49,2l,2025-04-06,0
61dd754e-8525-4b9e-9e08-173389eea8a8,Milk,Meadow Fresh Original Fresh Milk,1.55,300ml,2025-04-06,0
61dd754e-8525-4b9e-9e08-173389eea8a8,Milk,Value Trim Milk,6.55,3l,2025-04-06,0
61dd754e-8525-4b9e-9e08-173389eea8a8,Milk,Pams Trim Milk,4.95,2l,2025-04-06,0
61dd754e-8525-4b9e-9e08-173389eea8a8,Milk,Meadow Fresh Calci-Trim Fresh Milk,6.65,2l,2025-04-06,0
61dd754e-8525-4b9e-9e08-173389eea8a8,Milk,Pams Calci Smart Milk,3.45,1l,2025-04-06,0
61dd754e-8525-4b9e-9e08-173389eea8a8,Milk,Meadow Fresh Farmhouse Fresh Full Cream Milk,6.79,2l,2025-04-06,0
61dd754e-8525-4b9e-9e08-173389eea8a8,Milk,Anchor A2 Blue Milk,7.39,2l,2025-04-06,0
61dd754e-8525-4b9e-9e08-173389eea8a8,Milk,Meadow Fresh Calci-Trim Fresh Milk,3.59,1l,2025-04-06,0
61dd754e-8525-4b9e-9e08-173389eea8a8,Milk,Meadow Fresh Trim Fresh Milk,3.35,1l,2025-04-06,0
61dd754e-8525-4b9e-9e08-173389eea8a8,Milk,Pams Trim Milk,7.89,3l,2025-04-06,0
61dd754e-8525-4b9e-9e08-173389eea8a8,Milk,Meadow Fresh Lite Fresh Milk,3.35,1l,2025-04-06,0
61dd754e-8525-4b9e-9e08-173389eea8a8,Milk,Meadow Fresh Original Milk,1.55,300ml,2025-04-06,0
61dd754e-8525-4b9e-9e08-173389eea8a8,Milk,Meadow Fresh Cultured Buttermilk,4.89,600ml,2025-04-06,0
61dd754e-8525-4b9e-9e08-173389eea8a8,Milk,Meadow Fresh Farmhouse Fresh Full Cream Milk,3.65,1l,2025-04-06,0
61dd754e-8525-4b9e-9e08-173389eea8a8,Milk,Meadow Fresh Trim Fresh Milk,1.55,300ml,2025-04-06,0
61dd754e-8525-4b9e-9e08-173389eea8a8,Milk,Naturalea Organic Milk,4.65,1l,2025-04-06,0
61dd754e-8525-4b9e-9e08-173389eea8a8,Milk,Anchor A2 Lite Milk,7.39,2l,2025-04-06,0
61dd754e-8525-4b9e-9e08-173389eea8a8,Milk,Meadow Fresh Organic Original Fresh Milk,7.39,2l,2025-04-06,0
61dd754e-8525-4b9e-9e08-173389eea8a8,Milk,Puhoi Valley Fresh Non Homogenised Non Organic Milk,6.75,1.5l,2025-04-06,0
61dd754e-8525-4b9e-9e08-173389eea8a8,Milk,Lewis Road Creamery A2 Protein Homogenised Milk,6.59,1.5l,2025-04-06,0
61dd754e-8525-4b9e-9e08-173389eea8a8,Milk,Lewis Road Creamery Homogenised Jersey Milk,6.45,1.5l,2025-04-06,0
61dd754e-8525-4b9e-9e08-173389eea8a8,Milk,Lewis Road Creamery Non-Homogenised Jersey Milk,6.45,1.5l,2025-04-06,0
61dd754e-8525-4b9e-9e08-173389eea8a8,Milk,Karikaas Cultured & Churned Buttermilk,6.55,1l,2025-04-06,0
61dd754e-8525-4b9e-9e08-173389eea8a8,Milk,Lewis Road Creamery Rocky Road Fresh Flavoured Milk,3.89,300ml,2025-04-06,1
61dd754e-8525-4b9e-9e08-173389eea8a8,Milk,Puhoi Valley Black Forest Milk with Real Chocolate,4.25,300ml,2025-04-06,0
61dd754e-8525-4b9e-9e08-173389eea8a8,Milk,Puhoi Valley Black Forest Milk With Real Chocolate,6.79,750ml,2025-04-06,1
61dd754e-8525-4b9e-9e08-173389eea8a8,Meat,Prime Beef Mince,20.29,kg,2025-04-06,0
61dd754e-8525-4b9e-9e08-173389eea8a8,Meat,NZ Premium Beef Mince,22.99,kg,2025-04-06,0
61dd754e-8525-4b9e-9e08-173389eea8a8,Meat,Beef Rump Steak,27.99,kg,2025-04-06,0
61dd754e-8525-4b9e-9e08-173389eea8a8,Meat,Lamb Leg Roast,21.99,kg,2025-04-06,0
61dd754e-8525-4b9e-9e08-173389eea8a8,Meat,Bulk Beef Steak Mince,19.29,kg,2025-04-06,0
61dd754e-8525-4b9e-9e08-173389eea8a8,Meat,Lamb Shoulder Chops,18.99,kg,2025-04-06,0
61dd754e-8525-4b9e-9e08-173389eea8a8,Meat,NZ Beef Porterhouse Steak,34.69,kg,2025-04-06,1
61dd754e-8525-4b9e-9e08-173389eea8a8,Meat,Beef Scotch Fillet Steak,42.79,kg,2025-04-06,0
61dd754e-8525-4b9e-9e08-173389eea8a8,Meat,Bulk Lamb Shoulder Chops,17.29,kg,2025-04-06,0
61dd754e-8525-4b9e-9e08-173389eea8a8,Meat,NZ Beef Schnitzel,25.49,kg,2025-04-06,0
61dd754e-8525-4b9e-9e08-173389eea8a8,Meat,Wilson Hellaby Corned Silverside,17.49,kg,2025-04-06,0
61dd754e-8525-4b9e-9e08-173389eea8a8,Meat,Lamb Loin Chops,27.99,kg,2025-04-06,0
61dd754e-8525-4b9e-9e08-173389eea8a8,Meat,Harris Farms Corned Silverside Beef,17.49,kg,2025-04-06,0
61dd754e-8525-4b9e-9e08-173389eea8a8,Meat,Crumbed Beef Schnitzel,19.99,kg,2025-04-06,1
61dd754e-8525-4b9e-9e08-173389eea8a8,Meat,Bulk Beef Rump Steak,26.99,kg,2025-04-06,0
61dd754e-8525-4b9e-9e08-173389eea8a8,Meat,NZ Beef Bolar Roast,23.99,kg,2025-04-06,0
61dd754e-8525-4b9e-9e08-173389eea8a8,Meat,Lamb Steak,33.99,kg,2025-04-06,0
61dd754e-8525-4b9e-9e08-173389eea8a8,Meat,Bulk Porterhouse Steak,34.69,kg,2025-04-06,1
61dd754e-8525-4b9e-9e08-173389eea8a8,Meat,Bulk Beef Chuck Stewing Steak,24.99,kg,2025-04-06,0
61dd754e-8525-4b9e-9e08-173389eea8a8,Meat,Lamb Mince,26.29,kg,2025-04-06,0
61dd754e-8525-4b9e-9e08-173389eea8a8,Meat,Lamb Shanks (Knuckles),18.99,kg,2025-04-06,0
61dd754e-8525-4b9e-9e08-173389eea8a8,Meat,Beef Fillet Steak,49.99,kg,2025-04-06,0
61dd754e-8525-4b9e-9e08-173389eea8a8,Meat,Beef Rolled Rib Roast Plain,19.99,kg,2025-04-06,0
61dd754e-8525-4b9e-9e08-173389eea8a8,Meat,NZ Beef Topside Steak,26.99,kg,2025-04-06,0
61dd754e-8525-4b9e-9e08-173389eea8a8,Meat,NZ Beef Topside Roast,25.99,kg,2025-04-06,0
61dd754e-8525-4b9e-9e08-173389eea8a8,Meat,Bulk Beef Schnitzel,24.49,kg,2025-04-06,0
61dd754e-8525-4b9e-9e08-173389eea8a8,Meat,Bulk Beef Ribeye Steak,41.79,kg,2025-04-06,0
61dd754e-8525-4b9e-9e08-173389eea8a8,Meat,NZ Lambs Fry,13.99,kg,2025-04-06,0
61dd754e-8525-4b9e-9e08-173389eea8a8,Meat,Bulk Beef Topside Steak,25.99,kg,2025-04-06,0
61dd754e-8525-4b9e-9e08-173389eea8a8,Meat,Beef Ribeye Steak On The Bone,36.79,kg,2025-04-06,0
61dd754e-8525-4b9e-9e08-173389eea8a8,Meat,Beef Danish Roast,19.99,kg,2025-04-06,0
61dd754e-8525-4b9e-9e08-173389eea8a8,Meat,Lamb Drumsticks,25.99,kg,2025-04-06,0
61dd754e-8525-4b9e-9e08-173389eea8a8,Meat,Lamb Hearts,12.99,kg,2025-04-06,0
61dd754e-8525-4b9e-9e08-173389eea8a8,Meat,New York Cut Beef Rump Steak,27.99,kg,2025-04-06,0
61dd754e-8525-4b9e-9e08-173389eea8a8,Meat,NZ Beef T Bone Steak,39.99,kg,2025-04-06,0
61dd754e-8525-4b9e-9e08-173389eea8a8,Meat,Beef Shin On Bone,19.99,kg,2025-04-06,0
61dd754e-8525-4b9e-9e08-173389eea8a8,Meat,Beef Minute Steak,24.49,kg,2025-04-06,0
61dd754e-8525-4b9e-9e08-173389eea8a8,Meat,Lamb Kidneys,15.99,kg,2025-04-06,0
61dd754e-8525-4b9e-9e08-173389eea8a8,Meat,Fast Fry Beef Porterhouse Steak,36.79,kg,2025-04-06,0
61dd754e-8525-4b9e-9e08-173389eea8a8,Meat,Beef Casserole Steak,20.99,kg,2025-04-06,0
61dd754e-8525-4b9e-9e08-173389eea8a8,Meat,Lamb Semi-Boned Forequarter,25.99,kg,2025-04-06,0
61dd754e-8525-4b9e-9e08-173389eea8a8,Meat,Angus Beef Rump,32.49,kg,2025-04-06,0
61dd754e-8525-4b9e-9e08-173389eea8a8,Meat,Beef Trout,19.99,ea,2025-04-06,0
61dd754e-8525-4b9e-9e08-173389eea8a8,Meat,Point End Wagyu Brisket,28.49,kg,2025-04-06,0
61dd754e-8525-4b9e-9e08-173389eea8a8,Meat,Harmony Organic Beef Tallow,18.99,450g,2025-04-06,0
61dd754e-8525-4b9e-9e08-173389eea8a8,Meat,Hellers Craft Ol Smokey Beef & Brisket Smashed Burgers,3.99,2pk,2025-04-06,1
61dd754e-8525-4b9e-9e08-173389eea8a8,Meat,Harmony Lamb & Herb Butterflied Leg,17.49,400g,2025-04-06,0
8cd700ae-d96f-4761-bd7a-805d6b93536d,Egg,Sure As Eggs Mixed Grade Eggs,7.29,10pk,2025-04-06,0
8cd700ae-d96f-4761-bd7a-805d6b93536d,Egg,Woodland Free Range Size 6 Eggs,8.69,10pk,2025-04-06,0
8cd700ae-d96f-4761-bd7a-805d6b93536d,Egg,Farmer Brown Fresh Colony Size 6 Eggs,6.99,12pk,2025-04-06,1
8cd700ae-d96f-4761-bd7a-805d6b93536d,Egg,Farmer Brown Fresh Colony Size 6 Eggs,11.79,18pk,2025-04-06,0
8cd700ae-d96f-4761-bd7a-805d6b93536d,Egg,Quail Valley Free Range Mixed Grade Eggs,10.49,12pk,2025-04-06,0
8cd700ae-d96f-4761-bd7a-805d6b93536d,Egg,Woodland Free Range Grade 6 Eggs,5.99,6pk,2025-04-06,0
8cd700ae-d96f-4761-bd7a-805d6b93536d,Egg,Bowalley Free Range Mixed Grade Eggs,7.49,10pk,2025-04-06,0
8cd700ae-d96f-4761-bd7a-805d6b93536d,Egg,Farmer Brown Fresh Colony Size 8 Eggs,6.99,10pk,2025-04-06,1
8cd700ae-d96f-4761-bd7a-805d6b93536d,Egg,Bowalley Free Range Size 6 Eggs,7.99,10pk,2025-04-06,1
8cd700ae-d96f-4761-bd7a-805d6b93536d,Egg,Farmer Brown Cage-Free Barn Size 7 Eggs,8.79,12pk,2025-04-06,1
8cd700ae-d96f-4761-bd7a-805d6b93536d,Egg,Woodland Free Range Grade 7 Eggs,6.49,6pk,2025-04-06,0
8cd700ae-d96f-4761-bd7a-805d6b93536d,Egg,Farmer Brown Barn Cage Free Size 7 Eggs,14.99,18pk,2025-04-06,0
8cd700ae-d96f-4761-bd7a-805d6b93536d,Egg,Zeagold Egg White Natural Protein,13.95,980ml,2025-04-06,0
8cd700ae-d96f-4761-bd7a-805d6b93536d,Egg,Henergy Cage-Free A Grade Size 7 Eggs,9.99,12pk,2025-04-06,0
8cd700ae-d96f-4761-bd7a-805d6b93536d,Egg,Pams Cage-Free Size 6 Barn Eggs,8.49,12pk,2025-04-06,0
8cd700ae-d96f-4761-bd7a-805d6b93536d,Egg,Pams Cage-Free Size 7 Barn Eggs,8.99,12pk,2025-04-06,0
8cd700ae-d96f-4761-bd7a-805d6b93536d,Egg,New Day Free Range Size 6 Eggs,15.79,18pk,2025-04-06,0
8cd700ae-d96f-4761-bd7a-805d6b93536d,Milk,Value Standard Milk,4.29,2l,2025-04-06,0
8cd700ae-d96f-4761-bd7a-805d6b93536d,Milk,Value Standard Milk,6.55,3l,2025-04-06,0
8cd700ae-d96f-4761-bd7a-805d6b93536d,Milk,Meadow Fresh Original Fresh Milk,4.49,2l,2025-04-06,1
8cd700ae-d96f-4761-bd7a-805d6b93536d,Milk,Value Trim Milk,4.29,2l,2025-04-06,0
8cd700ae-d96f-4761-bd7a-805d6b93536d,Milk,Pams Standard Milk,2.85,1l,2025-04-06,0
8cd700ae-d96f-4761-bd7a-805d6b93536d,Milk,Pams Lite Milk,4.95,2l,2025-04-06,0
8cd700ae-d96f-4761-bd7a-805d6b93536d,Milk,Pams Standard Milk,4.95,2l,2025-04-06,0
8cd700ae-d96f-4761-bd7a-805d6b93536d,Milk,Meadow Fresh Original Fresh Milk,8.29,3l,2025-04-06,0
8cd700ae-d96f-4761-bd7a-805d6b93536d,Milk,Pams Standard Milk,7.89,3l,2025-04-06,0
8cd700ae-d96f-4761-bd7a-805d6b93536d,Milk,Meadow Fresh Original Fresh Milk,3.35,1l,2025-04-06,0
8cd700ae-d96f-4761-bd7a-805d6b93536d,Milk,Pams Trim Milk,2.85,1l,2025-04-06,0
8cd700ae-d96f-4761-bd7a-805d6b93536d,Milk,Pams Calci Smart Milk,6.19,2l,2025-04-06,0
8cd700ae-d96f-4761-bd7a-805d6b93536d,Milk,Meadow Fresh Lite Fresh Milk,4.49,2l,2025-04-06,1
8cd700ae-d96f-4761-bd7a-805d6b93536d,Milk,Pams Lite Milk,2.85,1l,2025-04-06,0
8cd700ae-d96f-4761-bd7a-805d6b93536d,Milk,Meadow Fresh Trim Fresh Milk,4.49,2l,2025-04-06,1
8cd700ae-d96f-4761-bd7a-805d6b93536d,Milk,Meadow Fresh Original Fresh Milk,1.55,300ml,2025-04-06,0
8cd700ae-d96f-4761-bd7a-805d6b93536d,Milk,Value Trim Milk,6.55,3l,2025-04-06,0
8cd700ae-d96f-4761-bd7a-805d6b93536d,Milk,Pams Trim Milk,4.95,2l,2025-04-06,0
8cd700ae-d96f-4761-bd7a-805d6b93536d,Milk,Meadow Fresh Calci-Trim Fresh Milk,6.65,2l,2025-04-06,0
8cd700ae-d96f-4761-bd7a-805d6b93536d,Milk,Pams Calci Smart Milk,3.45,1l,2025-04-06,0
8cd700ae-d96f-4761-bd7a-805d6b93536d,Milk,Meadow Fresh Farmhouse Fresh Full Cream Milk,6.79,2l,2025-04-06,0
8cd700ae-d96f-4761-bd7a-805d6b93536d,Milk,Anchor A2 Blue Milk,7.39,2l,2025-04-06,0
8cd700ae-d96f-4761-bd7a-805d6b93536d,Milk,Meadow Fresh Calci-Trim Fresh Milk,3.59,1l,2025-04-06,0
8cd700ae-d96f-4761-bd7a-805d6b93536d,Milk,Meadow Fresh Trim Fresh Milk,3.35,1l,2025-04-06,0
8cd700ae-d96f-4761-bd7a-805d6b93536d,Milk,Pams Trim Milk,7.89,3l,2025-04-06,0
8cd700ae-d96f-4761-bd7a-805d6b93536d,Milk,Meadow Fresh Lite Fresh Milk,3.35,1l,2025-04-06,0
8cd700ae-d96f-4761-bd7a-805d6b93536d,Milk,Meadow Fresh Cultured Buttermilk,4.89,600ml,2025-04-06,0
8cd700ae-d96f-4761-bd7a-805d6b93536d,Milk,Meadow Fresh Farmhouse Fresh Full Cream Milk,3.65,1l,2025-04-06,0
8cd700ae-d96f-4761-bd7a-805d6b93536d,Milk,Meadow Fresh Trim Fresh Milk,1.55,300ml,2025-04-06,0
8cd700ae-d96f-4761-bd7a-805d6b93536d,Milk,Naturalea Organic Milk,4.65,1l,2025-04-06,0
8cd700ae-d96f-4761-bd7a-805d6b93536d,Milk,Meadow Fresh Organic Original Fresh Milk,7.39,2l,2025-04-06,0
8cd700ae-d96f-4761-bd7a-805d6b93536d,Milk,Puhoi Valley Fresh Non Homogenised Non Organic Milk,6.75,1.5l,2025-04-06,0
8cd700ae-d96f-4761-bd7a-805d6b93536d,Milk,Puhoi Valley Black Forest Milk with Real Chocolate,4.25,300ml,2025-04-06,0
8cd700ae-d96f-4761-bd7a-805d6b93536d,Milk,Puhoi Valley Black Forest Milk With Real Chocolate,6.49,750ml,2025-04-06,1
8cd700ae-d96f-4761-bd7a-805d6b93536d,Meat,Prime Beef Mince,20.29,kg,2025-04-06,0
8cd700ae-d96f-4761-bd7a-805d6b93536d,Meat,NZ Premium Beef Mince,24.29,kg,2025-04-06,0
8cd700ae-d96f-4761-bd7a-805d6b93536d,Meat,Beef Rump Steak,27.99,kg,2025-04-06,0
8cd700ae-d96f-4761-bd7a-805d6b93536d,Meat,Lamb Leg Roast,22.49,kg,2025-04-06,0
8cd700ae-d96f-4761-bd7a-805d6b93536d,Meat,NZ Beef Porterhouse Steak,34.69,kg,2025-04-06,1
8cd700ae-d96f-4761-bd7a-805d6b93536d,Meat,Vacuum Packed Whole Lamb Leg,22.49,kg,2025-04-06,0
8cd700ae-d96f-4761-bd7a-805d6b93536d,Meat,Beef Scotch Fillet Steak,42.79,kg,2025-04-06,0
8cd700ae-d96f-4761-bd7a-805d6b93536d,Meat,NZ Beef Schnitzel,25.49,kg,2025-04-06,0
8cd700ae-d96f-4761-bd7a-805d6b93536d,Meat,BBQ Lamb Shoulder Chops,18.99,kg,2025-04-06,0
8cd700ae-d96f-4761-bd7a-805d6b93536d,Meat,Wilson Hellaby Corned Silverside,17.49,kg,2025-04-06,0
8cd700ae-d96f-4761-bd7a-805d6b93536d,Meat,Lamb Loin Chops,27.99,kg,2025-04-06,0
8cd700ae-d96f-4761-bd7a-805d6b93536d,Meat,Crumbed Beef Schnitzel,25.49,kg,2025-04-06,0
8cd700ae-d96f-4761-bd7a-805d6b93536d,Meat,NZ Beef Bolar Roast,23.99,kg,2025-04-06,0
8cd700ae-d96f-4761-bd7a-805d6b93536d,Meat,Lamb Steak,33.99,kg,2025-04-06,0
8cd700ae-d96f-4761-bd7a-805d6b93536d,Meat,NZ Beef Chuck Steak,21.99,kg,2025-04-06,1
8cd700ae-d96f-4761-bd7a-805d6b93536d,Meat,NZ Stir Fry Beef,29.89,kg,2025-04-06,0
8cd700ae-d96f-4761-bd7a-805d6b93536d,Meat,NZ Lamb Leg Chops,21.99,kg,2025-04-06,1
8cd700ae-d96f-4761-bd7a-805d6b93536d,Meat,NZ Beef Blade Steak,26.29,kg,2025-04-06,0
8cd700ae-d96f-4761-bd7a-805d6b93536d,Meat,Lamb Mince,26.29,kg,2025-04-06,0
8cd700ae-d96f-4761-bd7a-805d6b93536d,Meat,NZ Diced Beef,29.89,kg,2025-04-06,0
8cd700ae-d96f-4761-bd7a-805d6b93536d,Meat,NZ Tenderised Beef Steak,28.99,kg,2025-04-06,0
8cd700ae-d96f-4761-bd7a-805d6b93536d,Meat,Beef Fillet Steak,62.99,kg,2025-04-06,0
8cd700ae-d96f-4761-bd7a-805d6b93536d,Meat,Point End Brisket,22.49,kg,2025-04-06,0
8cd700ae-d96f-4761-bd7a-805d6b93536d,Meat,NZ Beef Topside Steak,26.99,kg,2025-04-06,0
8cd700ae-d96f-4761-bd7a-805d6b93536d,Meat,NZ Beef Topside Roast,25.99,kg,2025-04-06,0
8cd700ae-d96f-4761-bd7a-805d6b93536d,Meat,Lamb Butterfly Leg Roasts,38.99,kg,2025-04-06,0
8cd700ae-d96f-4761-bd7a-805d6b93536d,Meat,NZ Beef Shin Meat,23.49,kg,2025-04-06,0
8cd700ae-d96f-4761-bd7a-805d6b93536d,Meat,Harris Farms Italian Shorts Beef Sausages,8.25,350g,2025-04-06,0
8cd700ae-d96f-4761-bd7a-805d6b93536d,Meat,Beef Ribeye Steak On The Bone,36.79,kg,2025-04-06,0
8cd700ae-d96f-4761-bd7a-805d6b93536d,Meat,Beef Danish Roast,18.99,kg,2025-04-06,0
8cd700ae-d96f-4761-bd7a-805d6b93536d,Meat,Whole Beef Ribeye,37.79,kg,2025-04-06,0
8cd700ae-d96f-4761-bd7a-805d6b93536d,Meat,Lamb Hearts,14.99,kg,2025-04-06,0
8cd700ae-d96f-4761-bd7a-805d6b93536d,Meat,NZ Beef T Bone Steak,39.99,kg,2025-04-06,0
8cd700ae-d96f-4761-bd7a-805d6b93536d,Meat,NZ Lamb Forequarter Roast,18.99,kg,2025-04-06,0
8cd700ae-d96f-4761-bd7a-805d6b93536d,Meat,Beef Cheeks,25.99,kg,2025-04-06,0
8cd700ae-d96f-4761-bd7a-805d6b93536d,Meat,Beef Short Ribs,24.49,kg,2025-04-06,0
8cd700ae-d96f-4761-bd7a-805d6b93536d,Meat,NZ Frenched Lamb Rack,54.99,kg,2025-04-06,0
8cd700ae-d96f-4761-bd7a-805d6b93536d,Meat,Unsliced Beef Fillet Steak,62.99,kg,2025-04-06,0
8cd700ae-d96f-4761-bd7a-805d6b93536d,Meat,Wilson Hellaby Teriyaki Marinated Porterhouse Sirloin Beef,25.99,kg,2025-04-06,0
8cd700ae-d96f-4761-bd7a-805d6b93536d,Meat,NZ Lamb Boneless Rolled Forquarter,28.99,kg,2025-04-06,0
8cd700ae-d96f-4761-bd7a-805d6b93536d,Meat,Beef Skirt Steak,22.99,kg,2025-04-06,0
8cd700ae-d96f-4761-bd7a-805d6b93536d,Meat,Lamb Kidneys,28.99,kg,2025-04-06,0
8cd700ae-d96f-4761-bd7a-805d6b93536d,Meat,NZ Lamb Schnitzel,31.49,kg,2025-04-06,0
8cd700ae-d96f-4761-bd7a-805d6b93536d,Meat,NZ Whole Beef Porterhouse,31.79,kg,2025-04-06,0
8cd700ae-d96f-4761-bd7a-805d6b93536d,Meat,NZ Butterflied Lamb Shoulder,29.99,kg,2025-04-06,0
8cd700ae-d96f-4761-bd7a-805d6b93536d,Meat,Diced Lamb,37.69,kg,2025-04-06,0
8cd700ae-d96f-4761-bd7a-805d6b93536d,Meat,NZ Ox Heart,8.49,kg,2025-04-06,0
8cd700ae-d96f-4761-bd7a-805d6b93536d,Meat,NZ Ox Kidney,13.49,kg,2025-04-06,0
8cd700ae-d96f-4761-bd7a-805d6b93536d,Meat,Lamb Rump Roast,32.49,kg,2025-04-06,0
8cd700ae-d96f-4761-bd7a-805d6b93536d,Meat,Fresh French Lamb Cutlets,50.99,kg,2025-04-06,0
8cd700ae-d96f-4761-bd7a-805d6b93536d,Meat,Mini Lamb Roast,33.49,kg,2025-04-06,0
8cd700ae-d96f-4761-bd7a-805d6b93536d,Meat,Lamb Stirfry,33.49,kg,2025-04-06,0
8cd700ae-d96f-4761-bd7a-805d6b93536d,Meat,Lamb Ribeye Roast,32.99,kg,2025-04-06,0
8cd700ae-d96f-4761-bd7a-805d6b93536d,Meat,Point End Brisket Slices,23.49,kg,2025-04-06,0
be4c4780-218e-425a-a90f-63e21773572b,Egg,Farmer Brown Fresh Colony Size 7 Eggs,7.99,12ea,2025-04-06,0
be4c4780-218e-425a-a90f-63e21773572b,Egg,Woodland Free Range Size 7 Eggs,8.99,10pk,2025-04-06,0
be4c4780-218e-425a-a90f-63e21773572b,Egg,Woodland Free Range Size 6 Eggs,8.69,10pk,2025-04-06,0
be4c4780-218e-425a-a90f-63e21773572b,Egg,Farmer Brown Fresh Colony Size 6 Eggs,6.99,12pk,2025-04-06,1
be4c4780-218e-425a-a90f-63e21773572b,Egg,Woodland Free Range Size 6 Eggs,14.99,18pk,2025-04-06,0
be4c4780-218e-425a-a90f-63e21773572b,Egg,Sure As Eggs Size 7 Eggs,7.49,10pk,2025-04-06,0
be4c4780-218e-425a-a90f-63e21773572b,Egg,Farmer Brown Fresh Colony Size 6 Eggs,9.99,18pk,2025-04-06,1
be4c4780-218e-425a-a90f-63e21773572b,Egg,Farmer Brown Farm Fresh Colony Size 6 Eggs,12.99,20pk,2025-04-06,0
be4c4780-218e-425a-a90f-63e21773572b,Egg,Quail Valley Free Range Mixed Grade Eggs,10.49,12pk,2025-04-06,0
be4c4780-218e-425a-a90f-63e21773572b,Egg,Woodland Free Range Grade 6 Eggs,5.99,6pk,2025-04-06,0
be4c4780-218e-425a-a90f-63e21773572b,Egg,Bowalley Free Range Size 7 Eggs,8.99,10pk,2025-04-06,0
be4c4780-218e-425a-a90f-63e21773572b,Egg,New Day Free Range Mixed Grade Eggs,10.49,12pk,2025-04-06,1
be4c4780-218e-425a-a90f-63e21773572b,Egg,Bowalley Free Range Size 6 Eggs,7.99,10pk,2025-04-06,1
be4c4780-218e-425a-a90f-63e21773572b,Egg,Zealand Farms Free Range Animal Welfare Foods Mixed Grade Eggs,8.99,12pk,2025-04-06,1
be4c4780-218e-425a-a90f-63e21773572b,Egg,Farmer Brown Free Range Large Size 7 Eggs,11.29,12pk,2025-04-06,0
be4c4780-218e-425a-a90f-63e21773572b,Egg,Farmer Brown Fresh Colony Size 7 Eggs,5.29,6pk,2025-04-06,0
be4c4780-218e-425a-a90f-63e21773572b,Egg,Farmer Brown Cage-Free Barn Size 7 Eggs,8.79,12pk,2025-04-06,1
be4c4780-218e-425a-a90f-63e21773572b,Egg,Woodland Free Range Grade 7 Eggs,6.49,6pk,2025-04-06,0
be4c4780-218e-425a-a90f-63e21773572b,Egg,Farmer Brown Free Range Mixed Grade Eggs,10.29,12pk,2025-04-06,0
be4c4780-218e-425a-a90f-63e21773572b,Egg,Farmer Brown Fresh Colony Size 7 Eggs,12.99,18pk,2025-04-06,0
be4c4780-218e-425a-a90f-63e21773572b,Egg,Woodland Free Range Grade 8 Eggs,3.99,6pk,2025-04-06,1
be4c4780-218e-425a-a90f-63e21773572b,Egg,Woodland Free Range Grade 8 Eggs,10.99,10pk,2025-04-06,0
be4c4780-218e-425a-a90f-63e21773572b,Egg,Farmer Brown Fresh Colony Size 8 Eggs,5.29,6pk,2025-04-06,1
be4c4780-218e-425a-a90f-63e21773572b,Egg,Farmer Brown Barn Cage Free Size 7 Eggs,14.99,18pk,2025-04-06,0
be4c4780-218e-425a-a90f-63e21773572b,Egg,Pams Free Range Size 7 Eggs,5.79,6pk,2025-04-06,0
be4c4780-218e-425a-a90f-63e21773572b,Egg,New Day Free Range Size 7 Eggs,9.99,10pk,2025-04-06,0
be4c4780-218e-425a-a90f-63e21773572b,Egg,Pams Free Range Mixed Grade Eggs,13.99,18pk,2025-04-06,0
be4c4780-218e-425a-a90f-63e21773572b,Egg,Zeagold Egg White Natural Protein,13.95,980ml,2025-04-06,0
be4c4780-218e-425a-a90f-63e21773572b,Egg,New Day Free Range Mixed Grade Eggs,5.49,6pk,2025-04-06,0
be4c4780-218e-425a-a90f-63e21773572b,Egg,Pams Free Range Size 6 Eggs,5.79,6pk,2025-04-06,0
be4c4780-218e-425a-a90f-63e21773572b,Egg,Lakeside Free Range Mixed Eggs,10.29,12pk,2025-04-06,0
be4c4780-218e-425a-a90f-63e21773572b,Egg,Pams Free Range Size 8 Eggs,6.49,6pk,2025-04-06,0
be4c4780-218e-425a-a90f-63e21773572b,Egg,Woodland Egg Whites,8.79,500g,2025-04-06,0
be4c4780-218e-425a-a90f-63e21773572b,Egg,New Day Free Range Size 6 Eggs,15.79,18pk,2025-04-06,0
be4c4780-218e-425a-a90f-63e21773572b,Milk,Value Standard Milk,4.29,2l,2025-04-06,0
be4c4780-218e-425a-a90f-63e21773572b,Milk,Value Standard Milk,6.55,3l,2025-04-06,0
be4c4780-218e-425a-a90f-63e21773572b,Milk,Meadow Fresh Original Fresh Milk,4.69,2l,2025-04-06,1
be4c4780-218e-425a-a90f-63e21773572b,Milk,Value Trim Milk,4.29,2l,2025-04-06,0
be4c4780-218e-425a-a90f-63e21773572b,Milk,Pams Standard Milk,2.85,1l,2025-04-06,0
be4c4780-218e-425a-a90f-63e21773572b,Milk,Pams Lite Milk,4.95,2l,2025-04-06,0
be4c4780-218e-425a-a90f-63e21773572b,Milk,Pams Standard Milk,4.95,2l,2025-04-06,0
be4c4780-218e-425a-a90f-63e21773572b,Milk,Meadow Fresh Original Fresh Milk,8.29,3l,2025-04-06,0
be4c4780-218e-425a-a90f-63e21773572b,Milk,Pams Standard Milk,7.89,3l,2025-04-06,0
be4c4780-218e-425a-a90f-63e21773572b,Milk,Meadow Fresh Original Fresh Milk,3.35,1l,2025-04-06,0
be4c4780-218e-425a-a90f-63e21773572b,Milk,Pams Trim Milk,2.85,1l,2025-04-06,0
be4c4780-218e-425a-a90f-63e21773572b,Milk,Pams Calci Smart Milk,6.19,2l,2025-04-06,0
be4c4780-218e-425a-a90f-63e21773572b,Milk,Meadow Fresh Lite Fresh Milk,4.69,2l,2025-04-06,1
be4c4780-218e-425a-a90f-63e21773572b,Milk,Pams Lite Milk,2.85,1l,2025-04-06,0
be4c4780-218e-425a-a90f-63e21773572b,Milk,Meadow Fresh Trim Fresh Milk,4.69,2l,2025-04-06,1
be4c4780-218e-425a-a90f-63e21773572b,Milk,Meadow Fresh Original Fresh Milk,1.55,300ml,2025-04-06,0
be4c4780-218e-425a-a90f-63e21773572b,Milk,Value Trim Milk,6.55,3l,2025-04-06,0
be4c4780-218e-425a-a90f-63e21773572b,Milk,Pams Trim Milk,4.95,2l,2025-04-06,0
be4c4780-218e-425a-a90f-63e21773572b,Milk,Meadow Fresh Calci-Trim Fresh Milk,6.65,2l,2025-04-06,0
be4c4780-218e-425a-a90f-63e21773572b,Milk,Pams Calci Smart Milk,3.45,1l,2025-04-06,0
be4c4780-218e-425a-a90f-63e21773572b,Milk,Meadow Fresh Farmhouse Fresh Full Cream Milk,6.79,2l,2025-04-06,0
be4c4780-218e-425a-a90f-63e21773572b,Milk,Anchor A2 Blue Milk,7.39,2l,2025-04-06,0
be4c4780-218e-425a-a90f-63e21773572b,Milk,Meadow Fresh Calci-Trim Fresh Milk,3.59,1l,2025-04-06,0
be4c4780-218e-425a-a90f-63e21773572b,Milk,Meadow Fresh Trim Fresh Milk,3.35,1l,2025-04-06,0
be4c4780-218e-425a-a90f-63e21773572b,Milk,Pams Trim Milk,7.89,3l,2025-04-06,0
be4c4780-218e-425a-a90f-63e21773572b,Milk,Meadow Fresh Lite Fresh Milk,3.35,1l,2025-04-06,0
be4c4780-218e-425a-a90f-63e21773572b,Milk,Meadow Fresh Cultured Buttermilk,4.89,600ml,2025-04-06,0
be4c4780-218e-425a-a90f-63e21773572b,Milk,Meadow Fresh Farmhouse Fresh Full Cream Milk,3.65,1l,2025-04-06,0
be4c4780-218e-425a-a90f-63e21773572b,Milk,Meadow Fresh Trim Fresh Milk,1.55,300ml,2025-04-06,0
be4c4780-218e-425a-a90f-63e21773572b,Milk,Naturalea Organic Milk,4.65,1l,2025-04-06,0
be4c4780-218e-425a-a90f-63e21773572b,Milk,Anchor A2 Lite Milk,7.39,2l,2025-04-06,0
be4c4780-218e-425a-a90f-63e21773572b,Milk,Meadow Fresh Organic Original Fresh Milk,7.39,2l,2025-04-06,0
be4c4780-218e-425a-a90f-63e21773572b,Milk,Puhoi Valley Fresh Non Homogenised Non Organic Milk,6.75,1.5l,2025-04-06,0
be4c4780-218e-425a-a90f-63e21773572b,Milk,Lewis Road Creamery A2 Protein Homogenised Milk,6.59,1.5l,2025-04-06,0
be4c4780-218e-425a-a90f-63e21773572b,Milk,Lewis Road Creamery Homogenised Jersey Milk,6.45,1.5l,2025-04-06,0
be4c4780-218e-425a-a90f-63e21773572b,Milk,Lewis Road Creamery Non-Homogenised Jersey Milk,6.45,1.5l,2025-04-06,0
be4c4780-218e-425a-a90f-63e21773572b,Milk,Lewis Road Creamery Caramel Espresso Fresh Flavoured Milk,3.89,300ml,2025-04-06,1
be4c4780-218e-425a-a90f-63e21773572b,Milk,Lewis Road Creamery Caramel Espresso Fresh Flavoured Milk,8.09,750ml,2025-04-06,0
be4c4780-218e-425a-a90f-63e21773572b,Meat,Prime Beef Mince,17.99,kg,2025-04-06,0
be4c4780-218e-425a-a90f-63e21773572b,Meat,NZ Premium Beef Mince,24.29,kg,2025-04-06,0
be4c4780-218e-425a-a90f-63e21773572b,Meat,Beef Rump Steak,27.99,kg,2025-04-06,0
be4c4780-218e-425a-a90f-63e21773572b,Meat,Lamb Leg Roast,22.49,kg,2025-04-06,0
be4c4780-218e-425a-a90f-63e21773572b,Meat,Lamb Shoulder Chops,18.99,kg,2025-04-06,0
be4c4780-218e-425a-a90f-63e21773572b,Meat,NZ Beef Porterhouse Steak,34.69,kg,2025-04-06,1
be4c4780-218e-425a-a90f-63e21773572b,Meat,Beef Scotch Fillet Steak,42.79,kg,2025-04-06,0
be4c4780-218e-425a-a90f-63e21773572b,Meat,NZ Beef Schnitzel,25.49,kg,2025-04-06,0
be4c4780-218e-425a-a90f-63e21773572b,Meat,Lamb Loin Chops,27.99,kg,2025-04-06,0
be4c4780-218e-425a-a90f-63e21773572b,Meat,Harris Farms Prime Beef Mince,10.45,500g,2025-04-06,0
be4c4780-218e-425a-a90f-63e21773572b,Meat,Crumbed Beef Schnitzel,25.49,kg,2025-04-06,0
be4c4780-218e-425a-a90f-63e21773572b,Meat,Lamb Steak,28.99,kg,2025-04-06,1
be4c4780-218e-425a-a90f-63e21773572b,Meat,NZ Beef Chuck Steak,26.49,kg,2025-04-06,0
be4c4780-218e-425a-a90f-63e21773572b,Meat,NZ Stir Fry Beef,29.89,kg,2025-04-06,0
be4c4780-218e-425a-a90f-63e21773572b,Meat,NZ Lamb Leg Chops,23.49,kg,2025-04-06,0
be4c4780-218e-425a-a90f-63e21773572b,Meat,NZ Beef Blade Steak,26.29,kg,2025-04-06,0
be4c4780-218e-425a-a90f-63e21773572b,Meat,Bulk Beef Chuck Stewing Steak,23.99,kg,2025-04-06,0
be4c4780-218e-425a-a90f-63e21773572b,Meat,Lamb Mince,22.99,kg,2025-04-06,1
be4c4780-218e-425a-a90f-63e21773572b,Meat,NZ Diced Beef,29.89,kg,2025-04-06,0
be4c4780-218e-425a-a90f-63e21773572b,Meat,Lamb Shanks (Knuckles),21.99,kg,2025-04-06,0
be4c4780-218e-425a-a90f-63e21773572b,Meat,NZ Tenderised Beef Steak,28.99,kg,2025-04-06,0
be4c4780-218e-425a-a90f-63e21773572b,Meat,Beef Fillet Steak,62.99,kg,2025-04-06,0
be4c4780-218e-425a-a90f-63e21773572b,Meat,BBQ Patties,17.99,kg,2025-04-06,0
be4c4780-218e-425a-a90f-63e21773572b,Meat,NZ Beef Topside Steak,20.99,kg,2025-04-06,1
be4c4780-218e-425a-a90f-63e21773572b,Meat,Lamb Butterfly Leg Roasts,38.99,kg,2025-04-06,0
be4c4780-218e-425a-a90f-63e21773572b,Meat,NZ Beef Shin Meat,23.49,kg,2025-04-06,0
be4c4780-218e-425a-a90f-63e21773572b,Meat,Bulk Beef Topside Steak,25.99,kg,2025-04-06,0
be4c4780-218e-425a-a90f-63e21773572b,Meat,Harris Farms Italian Shorts Beef Sausages,8.25,350g,2025-04-06,0
be4c4780-218e-425a-a90f-63e21773572b,Meat,Lamb Drumsticks,20.99,kg,2025-04-06,1
be4c4780-218e-425a-a90f-63e21773572b,Meat,NZ Beef T Bone Steak,39.99,kg,2025-04-06,0
be4c4780-218e-425a-a90f-63e21773572b,Meat,Frozen Lamb Loin Chops,22.99,kg,2025-04-06,0
be4c4780-218e-425a-a90f-63e21773572b,Meat,Bulk Lamb Loin Chops,26.99,kg,2025-04-06,0
be4c4780-218e-425a-a90f-63e21773572b,Meat,Beef Shin On Bone,15.99,kg,2025-04-06,0
be4c4780-218e-425a-a90f-63e21773572b,Meat,NZ Lamb Forequarter Roast,18.99,kg,2025-04-06,0
be4c4780-218e-425a-a90f-63e21773572b,Meat,Bulk Gravy Beef,23.49,kg,2025-04-06,0
be4c4780-218e-425a-a90f-63e21773572b,Meat,Bulk Boneless Beef Shin,21.99,kg,2025-04-06,0
be4c4780-218e-425a-a90f-63e21773572b,Meat,NZ Frenched Lamb Rack,54.99,kg,2025-04-06,0
be4c4780-218e-425a-a90f-63e21773572b,Meat,Unsliced Beef Fillet Steak,62.99,kg,2025-04-06,0
be4c4780-218e-425a-a90f-63e21773572b,Meat,NZ Gravy Beef,25.49,kg,2025-04-06,0
be4c4780-218e-425a-a90f-63e21773572b,Meat,Pams Lamb Burger Patties,11.49,4 x 100g,2025-04-06,0
be4c4780-218e-425a-a90f-63e21773572b,Meat,Steak & Cheese Patties,17.99,kg,2025-04-06,0
be4c4780-218e-425a-a90f-63e21773572b,Meat,Beef Olives,24.99,kg,2025-04-06,0
be4c4780-218e-425a-a90f-63e21773572b,Meat,Lamb Semi-Boned Forequarter,25.99,kg,2025-04-06,0
be4c4780-218e-425a-a90f-63e21773572b,Meat,NZ Lamb Leg Shank End,22.49,kg,2025-04-06,0
be4c4780-218e-425a-a90f-63e21773572b,Meat,Lamb Leg Thick End,22.49,kg,2025-04-06,0
be4c4780-218e-425a-a90f-63e21773572b,Meat,Hellers Craft Ol Smokey Beef & Brisket Smashed Burgers,5.49,2pk,2025-04-06,1
be4c4780-218e-425a-a90f-63e21773572b,Meat,Hellers Craft Beef & Caramelised Onion Smashed Burgers,5.49,2pk,2025-04-06,1
dbca5e00-f7f9-43ae-91de-031ad16f8a92,Egg,Woodland Free Range Size 7 Eggs,8.99,10pk,2025-04-06,0
dbca5e00-f7f9-43ae-91de-031ad16f8a92,Egg,Woodland Free Range Size 6 Eggs,8.69,10pk,2025-04-06,0
dbca5e00-f7f9-43ae-91de-031ad16f8a92,Egg,Farmer Brown Fresh Colony Size 6 Eggs,6.99,12pk,2025-04-06,1
dbca5e00-f7f9-43ae-91de-031ad16f8a92,Egg,Woodland Free Range Size 6 Eggs,14.99,18pk,2025-04-06,0
dbca5e00-f7f9-43ae-91de-031ad16f8a92,Egg,Sure As Eggs Size 7 Eggs,7.49,10pk,2025-04-06,0
dbca5e00-f7f9-43ae-91de-031ad16f8a92,Egg,Farmer Brown Fresh Colony Size 6 Eggs,11.79,18pk,2025-04-06,0
dbca5e00-f7f9-43ae-91de-031ad16f8a92,Egg,Woodland Free Range Grade 6 Eggs,5.99,6pk,2025-04-06,0
dbca5e00-f7f9-43ae-91de-031ad16f8a92,Egg,Farmer Brown Barn Cage Free Size 7 Eggs,5.49,6pk,2025-04-06,0
dbca5e00-f7f9-43ae-91de-031ad16f8a92,Egg,Bowalley Free Range Size 7 Eggs,8.99,10pk,2025-04-06,0
dbca5e00-f7f9-43ae-91de-031ad16f8a92,Egg,New Day Free Range Mixed Grade Eggs,10.49,12pk,2025-04-06,1
dbca5e00-f7f9-43ae-91de-031ad16f8a92,Egg,Bowalley Free Range Size 6 Eggs,7.99,10pk,2025-04-06,1
dbca5e00-f7f9-43ae-91de-031ad16f8a92,Egg,Zealand Farms Free Range Animal Welfare Foods Mixed Grade Eggs,8.99,12pk,2025-04-06,1
dbca5e00-f7f9-43ae-91de-031ad16f8a92,Egg,Farmer Brown Free Range Large Size 7 Eggs,11.29,12pk,2025-04-06,0
dbca5e00-f7f9-43ae-91de-031ad16f8a92,Egg,Farmer Brown Fresh Colony Size 7 Eggs,5.29,6pk,2025-04-06,0
dbca5e00-f7f9-43ae-91de-031ad16f8a92,Egg,Woodland Free Range Grade 7 Eggs,6.49,6pk,2025-04-06,0
dbca5e00-f7f9-43ae-91de-031ad16f8a92,Egg,Farmer Brown Fresh Colony Size 7 Eggs,12.99,18pk,2025-04-06,0
dbca5e00-f7f9-43ae-91de-031ad16f8a92,Egg,Pams Free Range Free Range Size 6 Eggs,9.49,12pk,2025-04-06,0
dbca5e00-f7f9-43ae-91de-031ad16f8a92,Egg,Woodland Free Range Grade 8 Eggs,6.99,6pk,2025-04-06,0
dbca5e00-f7f9-43ae-91de-031ad16f8a92,Egg,Woodland Free Range Grade 8 Eggs,10.99,10pk,2025-04-06,0
dbca5e00-f7f9-43ae-91de-031ad16f8a92,Egg,Zeagold Egg White Natural Protein,13.95,980ml,2025-04-06,0
dbca5e00-f7f9-43ae-91de-031ad16f8a92,Egg,Zealand Farms Free Range Animal Welfare Foods Mixed Grade Eggs,5.99,6pk,2025-04-06,0
dbca5e00-f7f9-43ae-91de-031ad16f8a92,Egg,Henergy Cage-Free Size 6 Eggs,8.69,12pk,2025-04-06,1
dbca5e00-f7f9-43ae-91de-031ad16f8a92,Egg,New Day Free Range Mixed Grade Eggs,5.49,6pk,2025-04-06,0
dbca5e00-f7f9-43ae-91de-031ad16f8a92,Egg,Zealand Farms Free Range Size 7 Eco Eggs,8.49,10pk,2025-04-06,1
dbca5e00-f7f9-43ae-91de-031ad16f8a92,Egg,Zealand Farms Free Range Animal Welfare Mixed Grade Eggs,14.69,18pk,2025-04-06,0
dbca5e00-f7f9-43ae-91de-031ad16f8a92,Egg,Henergy Barn Size 6 Eggs,13.99,18pk,2025-04-06,0
dbca5e00-f7f9-43ae-91de-031ad16f8a92,Egg,Better Eggs Free Range Size 7 Eggs,5.79,6pk,2025-04-06,0
dbca5e00-f7f9-43ae-91de-031ad16f8a92,Egg,Better Eggs Free Range Size 7 Eggs,11.99,12pk,2025-04-06,0
dbca5e00-f7f9-43ae-91de-031ad16f8a92,Egg,New Day Free Range Size 6 Eggs,15.79,18pk,2025-04-06,0
dbca5e00-f7f9-43ae-91de-031ad16f8a92,Milk,Value Standard Milk,4.29,2l,2025-04-06,0
dbca5e00-f7f9-43ae-91de-031ad16f8a92,Milk,Meadow Fresh Original Fresh Milk,5.49,2l,2025-04-06,0
dbca5e00-f7f9-43ae-91de-031ad16f8a92,Milk,Value Trim Milk,4.29,2l,2025-04-06,0
dbca5e00-f7f9-43ae-91de-031ad16f8a92,Milk,Pams Standard Milk,2.85,1l,2025-04-06,0
dbca5e00-f7f9-43ae-91de-031ad16f8a92,Milk,Pams Lite Milk,4.95,2l,2025-04-06,0
dbca5e00-f7f9-43ae-91de-031ad16f8a92,Milk,Pams Standard Milk,4.95,2l,2025-04-06,0
dbca5e00-f7f9-43ae-91de-031ad16f8a92,Milk,Pams Standard Milk,7.89,3l,2025-04-06,0
dbca5e00-f7f9-43ae-91de-031ad16f8a92,Milk,Pams Trim Milk,2.85,1l,2025-04-06,0
dbca5e00-f7f9-43ae-91de-031ad16f8a92,Milk,Pams Calci Smart Milk,6.19,2l,2025-04-06,0
dbca5e00-f7f9-43ae-91de-031ad16f8a92,Milk,Meadow Fresh Lite Fresh Milk,5.49,2l,2025-04-06,0
dbca5e00-f7f9-43ae-91de-031ad16f8a92,Milk,Pams Lite Milk,2.85,1l,2025-04-06,0
dbca5e00-f7f9-43ae-91de-031ad16f8a92,Milk,Meadow Fresh Trim Fresh Milk,5.49,2l,2025-04-06,0
dbca5e00-f7f9-43ae-91de-031ad16f8a92,Milk,Pams Trim Milk,4.95,2l,2025-04-06,0
dbca5e00-f7f9-43ae-91de-031ad16f8a92,Milk,Pams Calci Smart Milk,3.45,1l,2025-04-06,0
dbca5e00-f7f9-43ae-91de-031ad16f8a92,Milk,Meadow Fresh Farmhouse Fresh Full Cream Milk,6.79,2l,2025-04-06,0
dbca5e00-f7f9-43ae-91de-031ad16f8a92,Milk,Anchor A2 Blue Milk,7.39,2l,2025-04-06,0
dbca5e00-f7f9-43ae-91de-031ad16f8a92,Milk,Pams Trim Milk,7.89,3l,2025-04-06,0
dbca5e00-f7f9-43ae-91de-031ad16f8a92,Milk,Meadow Fresh Cultured Buttermilk,4.89,600ml,2025-04-06,0
dbca5e00-f7f9-43ae-91de-031ad16f8a92,Milk,Lewis Road Creamery Caramel Espresso Fresh Flavoured Milk,3.89,300ml,2025-04-06,1
dbca5e00-f7f9-43ae-91de-031ad16f8a92,Milk,Lewis Road Creamery Caramel Espresso Fresh Flavoured Milk,8.09,750ml,2025-04-06,0
dbca5e00-f7f9-43ae-91de-031ad16f8a92,Milk,Lewis Road Creamery Rocky Road Fresh Flavoured Milk,8.09,750ml,2025-04-06,0
dbca5e00-f7f9-43ae-91de-031ad16f8a92,Milk,Lewis Road Creamery Rocky Road Fresh Flavoured Milk,3.89,300ml,2025-04-06,1
dbca5e00-f7f9-43ae-91de-031ad16f8a92,Meat,Prime Beef Mince,15.79,kg,2025-04-06,1
dbca5e00-f7f9-43ae-91de-031ad16f8a92,Meat,NZ Premium Beef Mince,22.49,kg,2025-04-06,0
dbca5e00-f7f9-43ae-91de-031ad16f8a92,Meat,Beef Rump Steak,26.89,kg,2025-04-06,0
dbca5e00-f7f9-43ae-91de-031ad16f8a92,Meat,Lamb Shoulder Chops,18.99,kg,2025-04-06,0
dbca5e00-f7f9-43ae-91de-031ad16f8a92,Meat,Beef Scotch Fillet Steak,42.79,kg,2025-04-06,0
dbca5e00-f7f9-43ae-91de-031ad16f8a92,Meat,NZ Beef Schnitzel,25.49,kg,2025-04-06,0
dbca5e00-f7f9-43ae-91de-031ad16f8a92,Meat,Lamb Loin Chops,28.99,kg,2025-04-06,0
dbca5e00-f7f9-43ae-91de-031ad16f8a92,Meat,Crumbed Beef Schnitzel,25.49,kg,2025-04-06,0
dbca5e00-f7f9-43ae-91de-031ad16f8a92,Meat,Beef Bones,5.69,kg,2025-04-06,0
dbca5e00-f7f9-43ae-91de-031ad16f8a92,Meat,NZ Beef Bolar Roast,23.99,kg,2025-04-06,0
dbca5e00-f7f9-43ae-91de-031ad16f8a92,Meat,Lamb Steak,33.99,kg,2025-04-06,0
dbca5e00-f7f9-43ae-91de-031ad16f8a92,Meat,NZ Beef Chuck Steak,26.49,kg,2025-04-06,0
dbca5e00-f7f9-43ae-91de-031ad16f8a92,Meat,NZ Stir Fry Beef,29.89,kg,2025-04-06,0
dbca5e00-f7f9-43ae-91de-031ad16f8a92,Meat,NZ Beef Blade Steak,26.29,kg,2025-04-06,0
dbca5e00-f7f9-43ae-91de-031ad16f8a92,Meat,NZ Diced Beef,29.89,kg,2025-04-06,0
dbca5e00-f7f9-43ae-91de-031ad16f8a92,Meat,Lamb Shanks (Knuckles),19.99,kg,2025-04-06,0
dbca5e00-f7f9-43ae-91de-031ad16f8a92,Meat,NZ Tenderised Beef Steak,28.99,kg,2025-04-06,0
dbca5e00-f7f9-43ae-91de-031ad16f8a92,Meat,Beef Fillet Steak,62.99,kg,2025-04-06,0
dbca5e00-f7f9-43ae-91de-031ad16f8a92,Meat,Beef Brisket,21.49,kg,2025-04-06,0
dbca5e00-f7f9-43ae-91de-031ad16f8a92,Meat,Beef Rolled Rib Roast Plain,19.99,kg,2025-04-06,0
dbca5e00-f7f9-43ae-91de-031ad16f8a92,Meat,BBQ Patties,7.99,kg,2025-04-06,0
dbca5e00-f7f9-43ae-91de-031ad16f8a92,Meat,NZ Beef Topside Steak,26.99,kg,2025-04-06,0
dbca5e00-f7f9-43ae-91de-031ad16f8a92,Meat,NZ Beef Topside Roast,25.99,kg,2025-04-06,0
dbca5e00-f7f9-43ae-91de-031ad16f8a92,Meat,Lamb Butterfly Leg Roasts,29.99,kg,2025-04-06,0
dbca5e00-f7f9-43ae-91de-031ad16f8a92,Meat,NZ Lambs Fry,13.79,kg,2025-04-06,0
dbca5e00-f7f9-43ae-91de-031ad16f8a92,Meat,Lamb Hearts,14.99,kg,2025-04-06,0
dbca5e00-f7f9-43ae-91de-031ad16f8a92,Meat,NZ Beef T Bone Steak,39.99,kg,2025-04-06,0
dbca5e00-f7f9-43ae-91de-031ad16f8a92,Meat,Beef Cheeks,25.99,kg,2025-04-06,0
dbca5e00-f7f9-43ae-91de-031ad16f8a92,Meat,NZ Frenched Lamb Rack,54.99,kg,2025-04-06,0
dbca5e00-f7f9-43ae-91de-031ad16f8a92,Meat,Lamb Kidneys,16.99,kg,2025-04-06,0
dbca5e00-f7f9-43ae-91de-031ad16f8a92,Meat,Swiss Roll,13.99,kg,2025-04-06,0
dbca5e00-f7f9-43ae-91de-031ad16f8a92,Meat,NZ Lamb Schnitzel,31.49,kg,2025-04-06,0
dbca5e00-f7f9-43ae-91de-031ad16f8a92,Meat,Diced Lamb,37.69,kg,2025-04-06,0
dbca5e00-f7f9-43ae-91de-031ad16f8a92,Meat,Fresh French Lamb Cutlets,50.99,kg,2025-04-06,0
dbca5e00-f7f9-43ae-91de-031ad16f8a92,Meat,Lamb Stirfry,33.49,kg,2025-04-06,0
